company,year,revenue_100m_CNY,gross_margin_pct,net_profit_attrib_100m_CNY,rd_investment_100m_CNY,rd_intensity_pct_of_revenue,national_approved_varieties,order_grain_revenue_100m_CNY,order_grain_share_of_revenue_pct,order_grain_gross_margin_pct,value_type_order_grain,note,source
"荃银高科 (Winall Hi-tech Seed, 300087)",2015,6.07,38.18,0.22,0.245,4.04,4.0,,,,not available,,evidence/company_panel.csv; evidence/04_order_grain_timeseries.csv; evidence/01_company_financials.md
"荃银高科 (Winall Hi-tech Seed, 300087)",2016,7.57,35.94,0.31,0.308,4.06,1.0,,,,not available,,evidence/company_panel.csv; evidence/04_order_grain_timeseries.csv; evidence/01_company_financials.md
"荃银高科 (Winall Hi-tech Seed, 300087)",2017,9.47,40.83,0.62,0.452,4.77,17.0,,,,not available,,evidence/company_panel.csv; evidence/04_order_grain_timeseries.csv; evidence/01_company_financials.md
"荃银高科 (Winall Hi-tech Seed, 300087)",2018,9.1,43.11,0.68,,,,,5.87,3.56,observed,占比与毛利率来自Xie et al. 2023 Agribusiness（引用东方财富2022数据），口径为'contract farming'业务,evidence/company_panel.csv; evidence/04_order_grain_timeseries.csv; evidence/01_company_financials.md
"荃银高科 (Winall Hi-tech Seed, 300087)",2019,11.54,37.74,0.95,,,,1.81,15.65,,observed,订单粮食业务收入1.81亿、占比15.65%（天风2020-12-10深度/东亚前海深度综合表述）,evidence/company_panel.csv; evidence/04_order_grain_timeseries.csv; evidence/01_company_financials.md
"荃银高科 (Winall Hi-tech Seed, 300087)",2020,16.02,30.67,1.33,,,,4.2,26.2,,observed,订单粮食4.2亿 同比+132.45%；2020H1订单农业2.98亿已超2019全年,evidence/company_panel.csv; evidence/04_order_grain_timeseries.csv; evidence/01_company_financials.md
"荃银高科 (Winall Hi-tech Seed, 300087)",2021,25.21,28.83,1.69,0.833,3.3,97.0,7.24,28.73,7.6,estimated (推算) — see note,占比28.73%、毛利率7.6%来自Xie et al. 2023；2021营收由2022年34.91亿/1.3851反推；订单粮食销量26561.52万公斤 +71.58%,evidence/company_panel.csv; evidence/04_order_grain_timeseries.csv; evidence/01_company_financials.md
"荃银高科 (Winall Hi-tech Seed, 300087)",2022,34.91,26.84,2.33,,,63.0,8.94,25.6(推算),,estimated (推算) — see note,2023年报称订单农业收入8.26亿 同比-7.60% → 2022≈8.94亿；2022年报未直接检索到订单粮食数字,evidence/company_panel.csv; evidence/04_order_grain_timeseries.csv; evidence/01_company_financials.md
"荃银高科 (Winall Hi-tech Seed, 300087)",2023,41.03,26.91,2.74,1.403,3.42,73.0,,17.2/20.1(推算),4.89,estimated (推算) — see note,订单粮食7.07亿 毛利率4.89%(-1.14pp)；订单农业8.26亿(-7.60%)；综合毛利率26.91%,evidence/company_panel.csv; evidence/04_order_grain_timeseries.csv; evidence/01_company_financials.md
"荃银高科 (Winall Hi-tech Seed, 300087)",2024,47.09,,1.14,1.708,3.63,78.0,,25.3,2.66(推算),estimated (推算) — see note,订单粮食、青贮饲料11.91亿 +44.22%；2025年报称订单粮食毛利率-1.31%较上年-3.97pp → 2024≈2.66%；'年初25.3%'见界面新闻,evidence/company_panel.csv; evidence/04_order_grain_timeseries.csv; evidence/01_company_financials.md
"荃银高科 (Winall Hi-tech Seed, 300087)",2025,44.95,21.51,-2.12,2.033,4.52,57.0,,,,not available,,evidence/company_panel.csv; evidence/04_order_grain_timeseries.csv; evidence/01_company_financials.md
"荃银高科 (Winall Hi-tech Seed, 300087) [2026Q1, memo row - not FY]",2026,6.97,19.93,0.1139,,,,,,,not available,"2026Q1 only, not a fiscal year; order-grain business revenue -37.28% YoY per notes",evidence/company_panel.csv
登海种业 (2041),2025,11.02,,0.9165,,,,,,,not applicable (no order-grain segment reported),利润93%以上来自玉米杂交种；2025启动转基因大豆登海豆1号试点 | R&D: nan,GitHub chess99/trading-os 002041/2026-07-12.md 转引 https://www.sohu.com/a/1013085868_122021998 (confidence: 低-中)
大北农 (2385),2025,291.19,,-6.42,,,,,,,not applicable (no order-grain segment reported),种业收入15.28亿(玉米8.14亿、水稻5.62亿)；扣非-8.37亿 | R&D: nan,GitHub chess99/trading-os 002385/2026-07-12.md 转引 https://static.cninfo.com.cn/finalpage/2026-04-24/1225171414.PDF (confidence: 低-中)
国投丰乐(丰乐种业) (713),2025,29.03,,0.6602,,,,,,,not applicable (no order-grain segment reported),扣非0.6667亿(+29.21%)；2024转基因玉米种子销售700万公斤(第三方研报) | R&D: nan,GitHub chess99/trading-os 000713/2026-07-11.md；Ronchy2000 鳄鱼派研报2025-06-13 (confidence: 低-中)
神农种业(神农科技) (300189),2025,2.49,,1.07,,,,,,,not applicable (no order-grain segment reported),扣非仅434.16万元(净利主要来自非经常性项目) | R&D: nan,GitHub chess99/trading-os 300189/2026-07-13.md (confidence: 低-中)
垦丰种业 (831888),2024/2025,未找到,,未找到,,,,,,,not applicable (no order-grain segment reported),nan | R&D: nan,nan (confidence: —)
农发种业 (600313),2025,,,,,,,,,,not applicable (no order-grain segment reported),种子业务收入6.22亿(毛利率27.89%) | R&D: nan,GitHub chess99/trading-os 600313/2026-07-16.md (confidence: 低)
敦煌种业 (600354),2025,11.34,,0.4725,,,,,,,not applicable (no order-grain segment reported),nan | R&D: nan,GitHub chess99/trading-os 600354/2026-07-16.md (confidence: 低)
万向德农 (600371),2025,1.98,,0.0554,,,,,,,not applicable (no order-grain segment reported),nan | R&D: nan,GitHub chess99/trading-os 002041/2026-07-12.md (confidence: 低)
隆平高科 (000998),2025,84.77,,1.66,,,,,,,not applicable (no order-grain segment reported),玉米种子收入约50.40亿；2025年完成12亿元定增(中信农业) | R&D: 2019年研发投入4.2亿(13.15%，旧数据),GitHub chess99/trading-os 000998/2026-07-11.md 转引 https://pdf.dfcfw.com/pdf/H3_AP202604211821362286_1.pdf (confidence: 低-中)
