variety,study_ref,doi,role,site,year,trait,value,unit,note,confidence
荃优丝苗 (Quanyousimiao/QYSM),"Zhang C. et al. 2022. Genomic Architecture of Yield Performance of an Elite Rice Hybrid Revealed by its Derived Recombinant Inbred Line and Their Backcross Hybrid Populations. Rice (N Y), 15(1): 49.",10.1186/s12284-022-00595-z,材料+作者单位(Winall Hi-Tech Seed Co. Ltd),中国(基因组研究),2022,RIL群体规模,1061,份,亲本 Quan9311B x 五山丝苗；同文另构建1061份BCF1回交群体；5位作者署荃银高科,high
荃9311B (荃优丝苗母本保持系),"Zafar S. et al. 2022. Genetic dissection of grain traits and their corresponding heterosis in an elite hybrid. Front Plant Sci, 13: 977349.",10.3389/fpls.2022.977349,材料(荃银核心亲本),中国,2022,RIL群体规模,1061,份,粒形/粒重QTL与杂种优势解析,high
KYSM (荃银共有品种),"Fang Y. et al. 2025. Genome-Assisted Breeding of an Elite Sterile Line From Restorer Line for Hybrid Rice. Plant Biotechnol J, 24(2): 523-525.",10.1111/pbi.70367,品种权共有人(Winall Hi-tech Seed Co. Ltd),—,2025,国家审定号,GSD20233095,—,同文给出不育系Huke1B植物新品种权号 CNA20201002638;Huke1A基因组 PRJNA1307643,high
荃银高科(公司),"Xie Z. et al. 2023. Contract farming led by a seed enterprise and incentives to produce high quality: Which contract design performs best? Agribusiness, 39(4): 1173-1198.",10.1002/agr.21823,案例企业,中国,2018,订单农业毛利率,3.56,%,原文正文数据(源标注Eastmoney 2022),high
荃银高科(公司),"Xie Z. et al. 2023. Agribusiness, 39(4): 1173-1198.",10.1002/agr.21823,案例企业,中国,2021,订单农业毛利率,7.60,%,同上,high
荃银高科(公司),"Xie Z. et al. 2023. Agribusiness, 39(4): 1173-1198.",10.1002/agr.21823,案例企业,中国,2018,订单农业收入占比,5.87,%,同上,high
荃银高科(公司),"Xie Z. et al. 2023. Agribusiness, 39(4): 1173-1198.",10.1002/agr.21823,案例企业,中国,2021,订单农业收入占比,28.73,%,同上,high
荃银高科(公司),"Xie Z. et al. 2023. Agribusiness, 39(4): 1173-1198.",10.1002/agr.21823,案例企业,中国,2021,年销售额,356,百万美元,Table 2;注册资本63百万美元;作物为玉米/专用小麦/水稻;同表隆平高科489、丰乐种业366、中农发种业526,high
荃两优1606 / 徽两优丝苗 / 徽两优001 / 徽两优636 / 徽两优996 / 两优8106,"Jin C. et al. 2024. A novel method combining deep learning with the Kennard-Stone algorithm for training dataset selection for image-based rice seed variety identification. J Sci Food Agric, 104(13): 8332-8342.",10.1002/jsfa.13668,材料(商用种子样本集),安徽等5省采购,2024,每品种种子样本数,5900-6100,粒,20个商用优质杂交稻品种;高光谱FX10 400-1000nm;图像30x30px经EDSR超分至120x120px,high
荃优607 / 荃优粤农丝苗(优质稻组),"作物学报. 2026. 水分管理和品种类型对再生稻产量和稻米品质的影响. 作物学报(网络首发2025-11-11).",10.3724/SP.J.1006.2026.52021,材料(优质稻处理品种),湖北蕲春+浠水,2023,头季产量,8.54,t/hm2,对照两优6326;另设旱优8200/116/73节水抗旱稻组,high
荃优607 / 荃优粤农丝苗(优质稻组),"作物学报. 2026. 水分管理和品种类型对再生稻产量和稻米品质的影响.",10.3724/SP.J.1006.2026.52021,材料,湖北蕲春+浠水,2023,再生季产量,5.88,t/hm2,与普通稻相当,high
荃优607 / 荃优粤农丝苗(优质稻组),"作物学报. 2026. 水分管理和品种类型对再生稻产量和稻米品质的影响.",10.3724/SP.J.1006.2026.52021,材料,湖北蕲春+浠水,2023,整精米率较普通稻提高,13.5 / 20.6,百分点,分别为头季/再生季;垩白显著降低,high
荃优607 / 荃优粤农丝苗(优质稻组),"作物学报. 2026. 水分管理和品种类型对再生稻产量和稻米品质的影响.",10.3724/SP.J.1006.2026.52021,材料,湖北蕲春+浠水,2023,节水灌溉较常规灌溉省水,76 / 85,%,分别为头季/再生季;产量与加工外观蒸煮食味品质无显著差异,high
荃优607,"李淑云. 2026. 政和县不同育型品种与移栽密度对再生稻产量、发苗能力影响研究. 农业科学, 9(7).",10.32629/as.v9i7.4153,材料(籼型三系主区),福建政和县半山区,2025,最优移栽密度,30x18 至 30x21,cm,二因素裂区;2/28播种4/5移栽;中密度D3(30x18cm)各品种产量最佳;甬优1540再生苗成苗率85.3%,high
荃优822 等9个品种,"肖群英, 张天术, 杨迎春, 彭英刚, 杨高江, 向安明. 2023. 2022年武陵山区杂交水稻新品种比较试验. 农业科技通讯, (5): 79-82.",,材料(12个杂交稻新品种比较试验),武陵山区,2022,产量,9442.5-10543.5,kg/hm2,比对照瑞优399增产6.17%-18.55%;荃银系参试品种含荃优822/荃优丝苗/荃优1606/荃优919,high
荃优607,"荃优607在宁化县种植表现及高产栽培技术. 2023.(参考网索引,刊名待核)",,材料(机插试种),福建宁化县石壁镇陂下村,2019,实割单产,9.873,t/hm2,对照广8优165为7.743 t/hm2;增产2.13 t/hm2(+27.5%);42个参试品种列第2;面积0.12 hm2,medium
荃优华占,"松桃县水稻新品种筛选试验.(中国农业期刊集成服务平台索引,刊名年期待核)",,材料(品种筛选试验),贵州松桃县,,产量,536.00,kg/667m2,折合8040 kg/hm2;同时记录株高/穗长/有效穗/穗实粒数/结实率/千粒重,low
徽两优898,"方玉民. 2014. 霍山县杂交水稻新品种种植试验研究. 安徽农业科学.",,材料(7品种+CK Ⅱ优838),安徽霍山,2014,产量,10938.3,kg/hm2,产量最高且显著高于CK;稻瘟病抗性强,medium
徽两优898,"方玉民. 2014. 霍山县杂交水稻新品种种植试验研究. 安徽农业科学.",,材料,安徽霍山,2014,结实率,86.7,%,参试品种中最高;株高124cm;单穴有效穗11.5;生育期比CK早7d,medium
徽两优898,"氮肥用量对徽两优898生长及产量的影响.(科研之友索引,刊名年期待核)",,材料(氮肥梯度试验),,,最高经济产量(N 210 kg/hm2),9296.4,kg/hm2,经济产量随施氮量先增后降;处理D=210 kg N/hm2,low
徽两优6号,"姚松. 2011. 徽两优6号特征特性、凤台县种植产量及高产栽培技术. 安徽农业科学.",,材料,安徽凤台县,2009,理论产量,12.40,t/hm2,有效穗262.80x10^4/hm2;每穗总粒197.1;实粒168.5;结实率85.5%;千粒重28.0g;2010年农业部超级稻,medium
徽两优6号,"李军. 2013. 徽两优6号700kg/667m2高产栽培技术. 安徽农学通报, 36-37.",,材料(高产栽培目标),安徽安庆,2013,目标产量,700,kg/667m2,折合10500 kg/hm2,medium
新两优223 / 新两优6号,"刘环, 杜斌, 刘章勇, 何文静, 邱先进, 邢丹英, 徐建龙. 2015. 江汉平原“一种两收”优良水稻品种筛选. 30-35.",,材料(14品种再生稻筛选),湖北江汉平原,2015,两季总产范围,810.72-1111.3,kg/667m2,均值959.07 kg/667m2;对照丰两优香1号1005.02;新两优223与新两优6号均高于CK(未达显著);判定适宜作再生稻,medium
新两优6号,"曹伟波. 2006. 杂交水稻新品种比较试验. 广西农业科学.",,材料(14品种+CK培杂双七),广西灵山县,2006,较对照增产幅度,2.03-20.34,%,含新两优6号在内的8个品种增产区间;生育期130-151d,medium
新两优6号(不育系新安S),"林纲 等. 2007. 带浅褐色颖壳标记的籼型两用核不育系新安S的选育. 杂交水稻.",,亲本选育报告(荃银农业高科技研究所),安徽合肥,2005,育性转换起点温度CSIT,23.5,℃,≤23.5℃(14.5h日长);合肥不育期>30d;稻瘟病抗性1级;白叶枯病5级;新两优6号2006年农业部超级稻,medium
1892S (徽两优系列母本),"杨联松 等. 2012. 籼稻光敏核不育系1892S的选育及其应用研究.",,亲本选育报告,安徽,2004,花粉不育度/套袋自交不育度,99.97,%,不育率100%;起点温度23.5℃;不育期>30d;异交结实率>60%;米质GB/T 17891-1999三级,medium
荃两优851,"侯章梅 等. 2023. 宿迁市2021年杂交中籼稻品种安全性测试. 大麦与谷类科学, 40(1): 43-47.",,材料(安全性测试),江苏宿迁,2021,产量组别,>=10500,kg/hm2,抽穗期偏晚;开花灌浆期遇低温存在风险;同批徽两优001/荃9优220/徽两优华占/徽两优粤禾丝苗/徽两优996综合表现好适宜推广,high
荃优粤农丝苗 等粤农丝苗衍生品种,"何秀英, 刘维, 陆展华, 王晓飞, 王石光, 方志强, 巫浩翔, 陈浩. 2022. 广东优质稻粤农丝苗的衍生品种及其特征特性研究. 广东农业科学, 49(9).",10.16768/j.issn.1004-874X.2022.09.007,材料(衍生品种系统比较),广东,2022,区域试验较对照增产幅度,0.46-10.98,%,品质指标均达优质标准;耐热性除徽两优粤农丝苗外均为较强或强;荃优粤农丝苗已成当地主栽品种,high
荃优丝苗,"品种审定公告(交叉校验,非学术文献)",,审定数据,长江中下游,2021,区域试验亩产,624.0,kg/667m2,比对照增产2.2%;2022续试621.9(+4.0%);两年均623.0(+3.1%),medium
荃优丝苗,"品种审定公告(交叉校验,非学术文献)",,审定数据,长江中下游,2022,稻瘟病综合指数,3.3 / 3.6,级,两年值;穗颈瘟损失率最高5级;中感稻瘟病;整精米率68.1%;垩白度0.5%;直链淀粉16.4%;达NY/T593-2021二级,medium
荃优1606,"品种审定公告(国审稻20206016,交叉校验)",,审定数据,长江上游/中下游,2020,区试较对照增产,5.0 / 3.75,%,生产试验分别增产4.48%/5.94%;整精米率垩白度直链淀粉达一级,medium
荃两优1606,"品种审定公告(交叉校验)",,审定数据,长江中下游,2018,区域试验亩产,637.15,kg/667m2,2019续试664.84 kg/667m2;均增产>2%;整精米率66.0%;垩白度1.2%;直链淀粉16.0%;达二级,medium
荃优822,"品种审定公告(鄂审稻2016016,交叉校验)",,审定数据,湖北,2014-2015,两年区试平均亩产,665.80,kg/667m2,比丰两优四号增产3.84%,medium
荃优822,"品种审定公告(交叉校验)",,审定数据,长江中下游中籼迟熟组,2019,区试平均亩产,669.89,kg/667m2,比丰两优四号增产5.89%;2020续试623.54 kg/667m2(+4.93%),medium
荃9优607,"品种审定公告(交叉校验)",,审定数据,长江中下游,2017-2018,两年区试平均亩产,640.4,kg/667m2,比丰两优四号增产5.5%;2019生产试验656.7 kg/667m2(+6.0%);全生育期131.3d;株高128.8cm;穗长24.4cm;米质三级,medium
徽两优丝苗,"品种审定公告(交叉校验)",,审定数据,长江中下游,,全生育期,136.1,d,有效穗243万/hm2;株高111.6cm;穗长23.6cm;每穗总粒202.2;结实率83.6%;千粒重22.9g;亲本1892S x 五山丝苗,medium
