variety,approval_no,year,type,region_group,region,yield_kg_per_mu,yield_gain_pct,ck,prod_trial,duration_d,quality_grade,blast_index,blast_text,neck_blast_max,blb,bph,heat_cold,applicant,row_index
新两优6号,国审稻2007016,2007,两系籼,长江中下游中籼迟熟组品种,长江中下游,,,,,130.1,,6.6,,,5,,,安徽荃银农业高科技研究所,239
新两优106,国审稻2008016,2008,两系籼,长江中下游早熟晚籼组品种,长江中下游,503.0,5.63,,531.1 (增产4.10%),112.7,,6.0,,,,7,,安徽荃银禾丰种业有限公司,362
新两优223,国审稻2010011,2010,两系籼,长江中下游中籼迟熟组品种,长江中下游,608.6,6.78,,579.7 (增产7.2%),134.4,,6.2,,,7,9,,安徽荃银高科种业股份有限公司,119
新两优343,国审稻2010021,2010,两系籼,长江中下游中籼迟熟组品种,长江中下游,607.0,7.8,,594.8 (增产9.2%),134.2,,6.0,,,5,9,,安徽荃银高科种业股份有限公司,118
新两优901,国审稻2010030,2010,两系籼,长江中下游晚籼中迟熟组品种,长江中下游,518.2,6.77,,487.9 (增产4.9%),115.8,,6.1,,,7,9,,安徽荃银高科种业股份有限公司,305
徽两优6号,国审稻2012019,2012,两系籼,长江中下游中籼迟熟组,,,,,,135.1,,5.7,高感稻瘟病,,7,9,抽穗期耐热性一般,安徽省农业科学院水稻研究所,1266
徽两优996,国审稻2012021,2012,两系籼,长江中下游中籼迟熟组,,,,,,132.4,,5.3,高感稻瘟病,,7,9,,合肥科源农业科学研究所、安徽省农业科学院水稻研究所,8
新两优917,国审稻2013029,2013,两系籼,长江中下游晚籼早熟组,长江中下游,,,,,118.1,,6.2,高感稻瘟病,,7,9,,安徽荃银高科种业股份有限公司,148
徽两优882,国审稻2015025,2015,两系籼,长江中下游中籼迟熟组,长江中下游,,,丰两优四号,,140.3,,3.9,感稻瘟病,,5,9,抽穗期耐热性中等；感稻瘟病,安徽荃银高科种业股份有限公司 / 安徽荃银高科种业股份有限公司、安徽省农业科学院水稻研究所,94
徽两优630,国审稻2015027,2015,两系籼,长江中下游中籼迟熟组,长江中下游,,,丰两优四号,,134.4,,5.9,感稻瘟病,,5,9,抽穗期耐热性中等；感稻瘟病,安徽省农业科学院水稻研究所、安徽华安种业有限责任公司 / 安徽省农业科学院水稻研究所、安徽华安种业有限责任公司,3334
徽两优898,国审稻2015028,2015,两系籼,长江中下游中籼迟熟组,长江中下游,,,丰两优四号,,133.6,,2.8,中感稻瘟病,,5,9,抽穗期耐热性中等；中感稻瘟病,安徽荃银高科种业股份有限公司 / 安徽荃银高科种业股份有限公司、安徽省农业科学院水稻研究所,14
新两优998,国审稻2015033,2015,两系籼,长江中下游中籼迟熟组,长江中下游,,,丰两优四号,,131.9,,4.1,中感稻瘟病,,1,7,抽穗期耐热性较强；中感稻瘟病,中国种子集团有限公司江西分公司 / 中国种子集团有限公司江西分公司,196
荃优丝苗,国审稻2016028,2016,三系籼,长江中下游中籼迟熟组,长江中下游,,,丰两优四号,,136.3,,3.1/3.1,中感稻瘟病,,5,7,,,1547
徽两优001,国审稻2016036,2016,两系籼,长江中下游中籼迟熟组,长江中下游,,,丰两优四号,,136.0,,3.7/3.6,感稻瘟病,,5,9,,,126
徽两优1813,国审稻20170020,2017,两系籼,长江中下游中籼迟熟组,长江中下游,,,丰两优四号,,140.4,,4.4/4.6,感稻瘟病,,5,9,,,3779
荃优153,国审稻20170021,2017,三系籼,长江中下游中籼迟熟组,长江中下游,,,丰两优四号,,139.3,,5.8/5.6,感稻瘟病,,7,7,,,3525
荃优3745,国审稻20170039,2017,三系籼,长江中下游中籼迟熟组,长江中下游,,,丰两优四号,,137.8,,6.2/4.3,高感稻瘟病,,7,9,,,4362
荃优1393,国审稻20170045,2017,三系籼,长江中下游中籼迟熟组,长江中下游,,,丰两优四号,,139.0,,4.8/6.1,高感稻瘟病,,7,7,,,4517
荃优298,国审稻20170051,2017,三系籼,长江中下游中籼迟熟组,长江中下游,,,丰两优四号,,138.7,,4.3/3.3,感稻瘟病,,7,9,,,3904
荃粳优1号,国审稻20170066,2017,三系粳,长江中下游单季晚粳组,长江中下游,,,,,146.3,,4.8/4.0,感稻瘟病,,3,9,,,4036
荃优华占,国审稻20176001,2017,三系籼,长江上游中籼迟熟组,长江上游,,,,,152.8,,3.5/3.0,中感稻瘟病,,,9,,,74
荃优0861,国审稻20176030,2017,三系籼,长江上游中籼迟熟组绿色通道,长江上游,657.12,5.50,,609.74 (增产2.20%),153.0,,3.4/3.2,中感稻瘟病,,,9,,,708
荃优123,国审稻20176037,2017,三系籼,长江中下游中籼迟熟组绿色通道,,,,丰两优四号,,135.1,,6.3,高感稻瘟病,,1,9,,,3477
徽两优丝苗,国审稻20176038,2017,两系籼,长江中下游中籼迟熟组绿色通道,长江中下游,,,丰两优四号,,136.1,,3.4/3.7,中感稻瘟病,,7,9,,,2
荃优3301,国审稻20176039,2017,三系籼,,长江中下游,,,丰两优四号,,139.3,,5.3/5.5,感稻瘟病,,,,抽穗期耐热性5级；感稻瘟病,,3343
荃优527,国审稻20176040,2017,三系籼,,长江中下游,,,丰两优四号,,135.5,,4.0/5.9,高感稻瘟病,,,,抽穗期耐热性3级；高感稻瘟病,,3957
荃两优丝苗,国审稻20176041,2017,两系籼,,长江中下游,,,丰两优四号,,136.6,,3.5/3.4,中感稻瘟病,,,,抽穗期耐热性1级；中感稻瘟病,,109
荃9优063,国审稻20176043,2017,三系籼,长江中下游中籼迟熟组绿色通道,长江中下游,659.7,4.80,丰两优四号,574.0 (增产3.20%),134.7,,,中感稻瘟病,,5,9,抽穗期耐热性较强；中感稻瘟病,,3823
荃优金10,国审稻20176062,2017,三系籼,长江中下游中籼迟熟组绿色通道,长江中下游,,,丰两优四号,,132.4,,6.3/5.6,感稻瘟病,,7,7,,,5062
徽两优华占,国审稻20176076,2017,两系籼,长江中下游中籼迟熟组绿色通道,长江中下游,660.40,3.00,丰两优四号,658.86 (增产4.58%),135.7,,4.7,高感稻瘟病,,7,9,,,5587
荃优028,国审稻20176077,2017,三系籼,长江中下游中籼迟熟绿色通道组,长江中下游,678.24,5.63,丰两优四号,653.47 (增产3.73%),136.3,,5.1,高感稻瘟病,,7,9,,,6488
荃优33,国审稻20176079,2017,三系籼,长江中下游中籼迟熟组绿色通道,长江中下游,687.84,7.20,丰两优四号,640.55 (增产1.68%),135.3,,4.5,高感稻瘟病,,7,9,抽穗期耐热性一般；高感稻瘟病,,3693
荃优527,国审稻20180011,2018,三系籼,长江上游中籼迟熟组,长江上游,652.36,3.88,,635.16 (增产6.60%),153.1,,5.9/5.6,感稻瘟病,7,,9,抽穗期耐热性较强,,5889
荃优丝苗,国审稻20180012,2018,三系籼,长江上游中籼迟熟组,长江上游,637.38,1.58,,626.96 (增产9.43%),153.6,二级,3.9/2.6,中感稻瘟病,5,,7,抽穗期耐热性较强,,3746
徽两优2018,国审稻20180023,2018,两系籼,长江中下游中籼迟熟组,长江中下游,653.75,6.48,丰两优四号,628.68 (增产3.49%),135.0,,5.2/5.9,高感稻瘟病,9,,,抽穗期耐热性较强,,4326
荃两优2118,国审稻20180025,2018,两系籼,长江中下游中籼迟熟组,长江中下游,645.18,5.09,,642.41 (增产6.36%),135.5,二级,3.8/2.8,中感稻瘟病,5,,,抽穗期耐热性较强,,1963
荃优0861,国审稻20180037,2018,三系籼,长江中下游中籼迟熟组,长江中下游,648.22,8.19,丰两优四号,655.39 (增产7.39%),134.6,三级,3.8/3.4,中感稻瘟病,5,,,抽穗期耐热性强,,4941
荃优737,国审稻20180038,2018,三系籼,长江中下游中籼迟熟组,长江中下游,625.01,3.77,,604.09 (增产3.84%),133.8,二级,3.6/3.1,感稻瘟病,7,,,抽穗期耐热性强,,4190
荃早优丝苗,国审稻20180042,2018,三系籼,晚籼早熟组,长江中下游,610.63,3.83,,565.41 (增产3.36%),117.3,二级,3.6/3.3,中感稻瘟病,5,,,耐冷性中等,,4077
荃优金三,国审稻20180047,2018,三系籼,华南感光晚籼组,华南,472.27,2.66,,433.93 (增产3.89%),113.8,二级,3.5,,7,,,,,6782
荃9优801,国审稻20180082,2018,三系籼,长江上游中籼迟熟组,长江上游,625.91,4.87,丰两优四号,601.7 (增产4.44%),153.1,三级,3.6/4.2,中感稻瘟病,5,,9,,,4923
荃优665,国审稻20180096,2018,三系籼,长江中下游中籼迟熟组,长江中下游,645.60,5.18,丰两优四号,620.43 (增产6.03%),135.2,二级,6.3/6.3,高感稻瘟病,9,,,抽穗期耐热性3级；,,6093
徽两优473,国审稻20180098,2018,两系籼,长江中下游中籼迟熟组,长江中下游,638.77,6.33,丰两优四号,653.52 (增产8.62%),133.5,,6.2/5.3,高感稻瘟病,9,,,抽穗期耐热性,,7148
荃优259,国审稻20180103,2018,三系籼,长江中下游中籼迟熟组,长江中下游,670.11,6.26,丰两优四号,679.14 (增产4.38%),133.5,,3.5/3.7,中感稻瘟病,5,,,抽穗期耐热性较强,,6565
荃优712,国审稻20180106,2018,三系籼,长江中下游中籼迟熟组,长江中下游,641.19,5.87,丰两优四号,658.17 (增产6.39%),132.7,,6.0/6.0,高感稻瘟病,9,,,,,6374
荃优金24号,国审稻20186060,2018,三系籼,长江中下游中籼迟熟组,长江中下游,641.53,3.92,丰两优四号,622.93 (增产5.24%),130.8,三级,4.8/3.8,高感稻瘟病,9,,,抽穗期耐热性中等,袁隆平农业高科技股份有限公司、安徽荃银高科种业股份有限公司、深圳市金谷美香实业有限公司、深圳隆平金谷种业有限公司,5746
荃优1273,国审稻20186067,2018,三系籼,长江中下游中籼迟熟组,长江中下游,670.46,7.02,丰两优四号,634.01 (增产7.12%),133.8,,5.5/3.9,高感稻瘟病,9,,,抽穗期耐热性较强,,7652
荃优528,国审稻20186074,2018,三系籼,长江中下游中籼迟熟组,长江中下游,616.42,4.28,丰两优四号,627.26 (增产5.93%),133.7,,4.8/5.3,中感稻瘟病,7,,,抽穗期耐热性较强,,7288
荃优631,国审稻20186088,2018,三系籼,长江中下游中籼迟熟组,长江中下游,628.99,4.79,丰两优四号,612.83 (增产4.66%),134.1,,4.2/3.4,中感稻瘟病,5,,,抽穗期耐热性较强,,7176
荃优554,国审稻20186090,2018,三系籼,长江中下游中籼迟熟组,长江中下游,622.03,5.22,丰两优四号,613.90 (增产6.73%),134.4,三级,5.8/5.2,高感稻瘟病,9,,,抽穗期耐热性较强,,7779
荃优W8,国审稻20186091,2018,三系籼,长江中下游中籼迟熟组,长江中下游,631.86,7.01,丰两优四号,613.32 (增产5.32%),135.1,二级,4.4/3.8,中感稻瘟病,5,,,抽穗期耐热性中等,,6072
徽两优6192,国审稻20186093,2018,两系籼,长江中下游中籼迟熟组,长江中下游,650.2,3.7,丰两优四号,647.5 (增产3.57%),137.7,,3.8/4.4,高感稻瘟病,9,,,抽穗期耐热性较强,,6444
徽两优9192,国审稻20186096,2018,两系籼,长江中下游中籼迟熟组,长江中下游,643.5,4.4,丰两优四号,643.9 (增产5.02%),136.0,三级,4.4/3.8,中感稻瘟病,5,,,抽穗期耐热性较弱,,6804
徽两优238,国审稻20186100,2018,两系籼,长江中下游中籼迟熟组,长江中下游,640.00,3.34,丰两优四号,642.64 (增产3.35%),133.5,,4.3/4.1,感稻瘟病,7,,,抽穗期耐热性中等,,7832
荃优粤农丝苗,国审稻20186101,2018,三系籼,长江中下游中籼迟熟组,长江中下游,641.69,3.61,丰两优四号,657.12 (增产5.68%),132.6,三级,5.1/3.5,感稻瘟病,7,,,抽穗期耐热性较强,,439
荃优9028,国审稻20186103,2018,三系籼,长江中下游中籼迟熟组,长江中下游,622.62,4.02,,606.53 (增产4.29%),134.0,,5.3/5.3,感稻瘟病,7,,,抽穗期耐热性较强,,4341
荃优1512,国审稻20186104,2018,三系籼,长江中下游中籼迟熟组,长江中下游,648.23,5.13,,624.99 (增产5.60%),133.7,,4.5/3.3,感稻瘟病,7,,,抽穗期耐热性较强,,7833
荃优523,国审稻20186105,2018,三系籼,长江中下游中籼迟熟组,长江中下游,642.04,3.44,,608.74 (增产5.11%),134.8,,3.9/5.1,感稻瘟病,7,,,抽穗期耐热性较强,,4063
荃早优406,国审稻20186107,2018,三系籼,晚籼早熟组,长江中下游,580.33,4.15,,543.66 (增产5.70%),117.1,,4.2/3.3,感稻瘟病,7,,,耐冷性较弱,,5607
荃优665,国审稻20190002,2019,三系籼,长江上游中籼迟熟组,长江上游,656.11,3.28,,613.16 (增产4.90%),154.0,,6.5/4.1,感稻瘟病,7,,9,抽穗期耐热性3级,湖南金健种业科技有限公司 / 湖南金健种业科技有限公司、安徽荃银高科种业股份有限公司,6051
荃优259,国审稻20190004,2019,三系籼,长江上游中籼迟熟组,长江上游,630.85,1.06,,612.85 (增产4.85%),153.0,二级,4.0/3.9,感稻瘟病,7,,9,抽穗期耐热性3级,江西先农种业有限公司 / 江西先农种业有限公司、安徽荃银高科种业股份有限公司,4943
徽两优280,国审稻20190015,2019,两系籼,长江中下游中籼迟熟,长江中下游,645.75,6.21,丰两优四号,676.43 (增产5.89%),135.9,三级,3.1/3.1,中感稻瘟病,5,,,抽穗期耐热性3级；中感稻瘟病,江西金信种业有限公司、安徽省农业科学院水稻研究所 / 江西金信种业有限公司、安徽省农业科学院水稻研究所、江西省超级水稻研究发展中心,5336
荃优548,国审稻20190056,2019,三系籼,长江上游中籼迟熟组水稻联合体,长江上游,652.16,4.61,,647.2 (增产4.84%),150.8,三级,3.1/3.2,中感稻瘟病,5,,9,抽穗期耐热性1级,四川农业大学水稻研究所 / 四川农业大学水稻研究所、安徽荃银高科种业股份有限公司,7098
徽两优106,国审稻20190088,2019,两系籼,长江中下游中籼迟熟组水稻联合体,长江中下游,656.8,8.05,丰两优四号,650.31 (增产6.8%),130.6,,3.8/3.0,中感稻瘟病,5,5,9,抽穗期耐热性3级；中感稻瘟病,江西农嘉种业有限公司 / 江西农嘉种业有限公司、萍乡市农业科学研究所、安徽省农业科学院水稻研究所,5391
荃两优851,国审稻20196110,2019,两系籼,长江中下游中籼迟熟,长江中下游,650.87,6.85,丰两优四号,642.7 (增产5.27%),132.2,二级,2.8/3.5,中感稻瘟病,5,7,9,抽穗期耐热性3级；中感稻瘟病,安徽荃银高科种业股份有限公司 / 安徽荃银高科种业股份有限公司,3253
徽两优8061,国审稻20196114,2019,两系籼,长江中下游中籼迟熟组,长江中下游,629.9,7.5,丰两优四号,615.6 (增产3.6%),133.9,三级,6.1/6.2,高感稻瘟病,9,5,9,抽穗期耐热性1级；高感稻瘟病,江苏红旗种业股份有限公司 / 江苏红旗种业股份有限公司、萍乡市农业科学研究所、安徽省农业科学院水稻研究所,6064
荃优220,国审稻20196117,2019,三系籼,长江中下游中籼迟熟,长江中下游,628.34,4.12,丰两优四号,624.27 (增产3.26%),133.2,三级,3.3/4.0,中抗稻瘟病,3,9,9,抽穗期耐热性5级；中抗稻瘟病,江苏中江种业股份有限公司 / 江苏中江种业股份有限公司、安徽荃银高科种业股份有限公司、中国科学院遗传与发育生物学研究所,7064
徽两优粤农丝苗,国审稻20196123,2019,两系籼,长江中下游中籼迟熟,长江中下游,647.52,4.11,丰两优四号,645.36 (增产2.96%),132.1,二级,4.1/2.8,中感稻瘟病,5,7,9,抽穗期耐热性5级；中感稻瘟病,北京金色农华种业科技股份有限公司 / 北京金色农华种业科技股份有限公司、安徽省农业科学院水稻研究所、广东省农业科学院水稻研究所,3534
荃优510,国审稻20196125,2019,三系籼,长江中下游中籼迟熟,长江中下游,664.84,7.14,丰两优四号,645.37 (增产4.82%),132.1,三级,3.8/4.3,中感稻瘟病,5,5,9,抽穗期耐热性3级；中感稻瘟病,湖北省种子集团有限公司 / 湖北省种子集团有限公司、安徽荃银高科种业股份有限公司,5780
荃优丝苗,国审稻20196203,2019,三系籼,华南早籼组,华南,538.06,2.55,天优华占,542.31 (增产5.20%),128.6,二级,3.7/3.8,中感稻瘟病,,7,,,安徽荃银高科种业股份有限公司 / 安徽荃银高科种业股份有限公司、广东省农科院水稻研究所,4872
荃优华占,国审稻20196204,2019,三系籼,华南早籼组,华南,541.19,3.14,天优华占,540.12 (增产4.62%),128.7,三级,2.6/2.8,中抗稻瘟病,,9,,,安徽荃银高科种业股份有限公司、湖北荃银高科种业有限公司 / 安徽荃银高科种业股份有限公司、中国水稻研究所、湖北荃银高科种业有限公司,5251
荃优822,国审稻20196205,2019,三系籼,华南感光晚籼组,华南,462.92,2.15,,458.91 (增产5.59%),117.8,二级,2.3/3.6,中抗稻瘟病,3,5,9,,安徽荃银高科种业股份有限公司 / 安徽荃银高科种业股份有限公司、安徽省皖农种业有限公司,3942
荃9优535,国审稻20200014,2020,三系籼,长江中下游中籼迟熟组,长江中下游,642.81,6.96,丰两优四号,662.05 (增产5.83%),133.9,三级,4.3/4.9,高感稻瘟病,9,3,9,抽穗期耐热性强,江苏沿海地区农业科学研究所、中国科学院遗传与发育生物学研究所、安徽荃银高科种业股份有限公司 / 江苏沿海地区农业科学研究所、中国科学院遗传与发育生物学研究所、安,6489
荃优软占,国审稻20200017,2020,三系籼,长江中下游中籼迟熟组,长江中下游,630.23,3.57,丰两优四号,580.46 (增产0.52%),138.3,二级,6.1/5.3,高感稻瘟病,,7,9,抽穗期耐热性一般,江西科为农作物研究所、广州市金粤生物科技有限公司 / 江西科为农作物研究所、安徽荃银高科种业股份有限公司、广州市金粤生物科技有限公司,7429
徽两优福星占,国审稻20200020,2020,两系籼,长江中下游中籼迟熟组,长江中下游,636.84,4.84,丰两优四号,654.24 (增产8.33%),132,,3.8/3.8,中感稻瘟病,5,,,抽穗期耐热性较强,湖北华田农业科技股份有限公司、荆州市田野种业有限公司 / 湖北华田农业科技股份有限公司、安徽省农业科学院水稻研究所、荆州市田野种业有限公司,4968
荃优美占,国审稻20200031,2020,三系籼,华南感光晚籼组,华南,479.53,3.20,,490.57 (增产11.19%),115,一级,2.5/3.9,中感稻瘟病,5,5,9,,广州市金粤生物科技有限公司 / 广州市金粤生物科技有限公司、安徽荃银高科种业股份有限公司,6457
荃优金10,国审稻20200032,2020,三系籼,华南感光晚籼组,华南,490.63,6.38,,471.88 (增产11.24%),114.6,一级,3.8/3.6,中抗稻瘟病,3,7,9,,安徽荃银高科种业股份有限公司 / 袁隆平农业高科技股份有限公司、安徽荃银高科种业股份有限公司、深圳市金谷美香实业有限公司、深圳隆平金谷种业有限公司,5570
荃两优华占,国审稻20200083,2020,两系籼,长江上游中籼迟熟组联合体,长江上游,622.82,-0.16,,607.45 (增产2.12%),150.2,二级,3.4/4.5,感稻瘟病,7,,9,抽穗期耐热性较强,四川荃银种业有限公司 / 安徽荃银高科种业股份有限公司、中国水稻研究所、四川荃银种业有限公司,3971
荃优280,国审稻20200108,2020,三系籼,长江上游中籼迟熟组联合体,长江上游,663.92,6.05,,652.7 (增产2.5%),155.4,一级,5.1/4.2,感稻瘟病,7,,9,抽穗期耐热性较强,安徽华安种业有限责任公司 / 安徽华安种业有限责任公司、安徽荃银高科种业股份有限公司,3372
荃优601,国审稻20200153,2020,三系籼,长江中下游中籼迟熟组联合体,长江中下游,663.81,6.40,丰两优四号,652.93 (增产5.56%),133.1,,3.6/4.4,感稻瘟病,7,7,9,抽穗期耐热性强,江西天涯种业有限公司 / 江西天涯种业有限公司、安徽荃银高科种业股份有限公司,6813
荃优雅占,国审稻20200154,2020,三系籼,长江中下游中籼迟熟组联合体,长江中下游,668.95,5.24,丰两优四号,720.0 (增产9.06%),132.6,三级,3.6/4.5,中感稻瘟病,5,7,9,抽穗期耐热性强,江西天涯种业有限公司 / 江西天涯种业有限公司、安徽荃银高科种业股份有限公司,5875
徽两优鄂丰丝苗,国审稻20200159,2020,两系籼,长江中下游中籼迟熟组联合体,长江中下游,645.00,4.05,丰两优四号,627.98 (增产6.83%),134.8,,3.0/3.2,中感稻瘟病,5,9,9,抽穗期耐热性较强,湖北荃银高科种业有限公司 / 湖北荃银高科种业有限公司、安徽省农业科学院水稻研究所、武汉亘谷源生态农业科技有限公司,6632
全两优534,国审稻20200160,2020,两系籼,长江中下游中籼迟熟组联合体,长江中下游,638.27,3.11,丰两优四号,678.00 (增产9.00%),131.5,三级,3.9/3.6,中感稻瘟病,5,5,7,抽穗期耐热性较强,湖北荃银高科种业有限公司 / 湖北荃银高科种业有限公司、广东省农业科学院水稻研究所、安徽荃银高科种业股份有限公司,7394
徽两优815,国审稻20200167,2020,两系籼,长江中下游中籼迟熟组联合体,长江中下游,657.91,5.43,丰两优四号,660.60 (增产9.51%),131.1,三级,5.5/5.7,高感稻瘟病,9,9,9,抽穗期耐热性较强,湖南湘穗种业有限责任公司 / 湖南湘穗种业有限责任公司、安徽省农业科学院水稻研究所,4582
荃优164,国审稻20200178,2020,三系籼,长江中下游中籼迟熟组联合体,长江中下游,663.94,6.48,丰两优四号,656.59 (增产10.62%),133.6,,4.1/3.4,中感稻瘟病,,7,7,抽穗期耐热性较强,福建六三种业有限责任公司 / 三明市农业科学研究院、安徽荃银高科种业股份有限公司、福建六三种业有限责任公司,7510
徽两优1133,国审稻20200185,2020,两系籼,长江中下游中籼迟熟组联合体,长江中下游,666.41,4.73,丰两优四号,647.02 (增产3.28%),133.5,三级,4.7/3.8,感稻瘟病,,5,9,抽穗期耐热性一般,安徽锦健农业科技有限公司 / 安徽锦健农业科技有限公司、安徽省农业科学院水稻研究所、湖南金健种业科技有限公司,4901
徽两优8966,国审稻20200195,2020,两系籼,长江中下游中籼迟熟组联合体,长江中下游,662.77,8.03,,634.05 (增产3.47%),132.2,,5.1/5.4,感稻瘟病,,7,9,抽穗期耐热性较强,福建省福瑞华安种业科技有限公司 / 福建省福瑞华安种业科技有限公司、安徽省农业科学院水稻研究所,6103
徽两优982,国审稻20200196,2020,两系籼,长江中下游中籼迟熟组联合体,长江中下游,646.53,6.55,,632.53 (增产3.22%),130.1,,5.0/4.5,中感稻瘟病,,5,9,抽穗期耐热性较强,安徽凯利种业有限公司 / 安徽凯利种业有限公司、安徽省农业科学院水稻研究所,4492
荃优5438,国审稻20200198,2020,三系籼,长江中下游中籼迟熟组联合体,长江中下游,662.42,7.34,丰两优四号,663.32 (增产6.85%),133.3,,4.5/3.5,感稻瘟病,,9,9,抽穗期耐热性3级,广汉泰利隆农作物研究所 / 湖南隆平高科种业科学研究院有限公司、安徽荃银高科种业股份有限公司、湖南亚华种业科学研究院、广汉泰利隆农作物研究所,4245
荃两优069,国审稻20200210,2020,两系籼,长江中下游中籼迟熟组联合体,长江中下游,675.11,4.63,丰两优四号,648.37 (增产5.60%),133.1,二级,3.9/3.8,中感稻瘟病,,7,9,抽穗期耐热性较强,安徽荃银超大种业有限公司 / 安徽荃银高科种业股份有限公司、安徽荃银超大种业有限公司,4186
荃优全赢丝苗,国审稻20200211,2020,三系籼,长江中下游中籼迟熟组联合体,长江中下游,676.81,5.90,丰两优四号,641.03 (增产4.41%),132.4,二级,3.8/3.2,中抗稻瘟病,3,5,9,抽穗期耐热性较强,湖北荃银高科种业有限公司 / 湖北荃银高科种业有限公司、安徽荃银高科种业股份有限公司,3893
徽两优719,国审稻20200215,2020,两系籼,长江中下游中籼迟熟组联合体,长江中下游,649.69,4.68,丰两优四号,643.99 (增产2.75%),128,,6.2/6.0,高感稻瘟病,,7,9,抽穗期耐热性较强,安徽日辉生物科技有限公司 / 安徽日辉生物科技有限公司、安徽省农业科学院水稻研究所,4145
荃优982,国审稻20200225,2020,三系籼,长江中下游中籼迟熟组联合体,长江中下游,655.38,4.53,,610.26 (增产5.35%),132.3,三级,5.7/5.4,高感稻瘟病,9,3,9,抽穗期耐热性较强,江苏丘陵地区镇江农业科学研究所 / 江苏丘陵地区镇江农业科学研究所、安徽荃银高科种业股份有限公司,7194
荃优1606,国审稻20206016,2020,三系籼,长江上游中籼迟熟组,长江上游,658.46,5.0,丰两优四号,675.67 (增产4.48%),151.3,一级,3.4/3.9,中感稻瘟病,5,7,9,抽穗期耐热性较强,安徽荃银高科种业股份有限公司 / 安徽荃银高科种业股份有限公司,425
荃两优丝苗,国审稻20206019,2020,两系籼,长江上游中籼迟熟组,长江上游,662.43,5.67,,654.74 (增产4.54%),151.3,一级,3.9/3.2,中感稻瘟病,5,,9,抽穗期耐热性较强,安徽荃银高科种业股份有限公司 / 安徽荃银高科种业股份有限公司、广东省农业科学院水稻研究所,3972
荃两优851,国审稻20206020,2020,两系籼,长江上游中籼迟熟组,长江上游,655.16,4.43,,650.14 (增产3.82%),152.1,二级,4.0/3.0,中感稻瘟病,5,,9,抽穗期耐热性较强,安徽荃银高科种业股份有限公司 / 安徽荃银高科种业股份有限公司,3825
荃优569,国审稻20206021,2020,三系籼,长江上游中籼迟熟组,长江上游,660.19,5.31,,652.60 (增产4.07%),150.5,二级,2.8/4.9,感稻瘟病,7,,9,抽穗期耐热性强,安徽荃银高科种业股份有限公司 / 安徽荃银高科种业股份有限公司、四川农业大学水稻研究所,4944
荃优锦禾,国审稻20206028,2020,三系籼,长江上游中籼迟熟组,长江上游,637.48,1.49,,604.53 (增产1.77%),152.0,二级,3.8/4.2,中感稻瘟病,5,,9,抽穗期耐热性强,北京金色农华种业科技股份有限公司 / 北京金色农华种业科技股份有限公司、成都市农林科学院作物研究所、安徽荃银高科种业股份有限公司,4034
荃优325,国审稻20206032,2020,三系籼,长江上游中籼迟熟组,长江上游,672.33,3.43,丰两优四号,613.31 (增产1.43%),151.8,二级,4.5/4.4,感稻瘟病,5,7,9,抽穗期耐热性较强,湖北省种子集团有限公司 / 湖北省种子集团有限公司、安徽荃银高科种业股份有限公司,3964
荃9优063,国审稻20206043,2020,三系籼,长江上游中籼迟熟组,长江上游,672.36,7.20,,678.69 (增产4.80%),151.0,,4.0/4.9,中感稻瘟病,5,,9,抽穗期耐热性较强,江苏中江种业股份有限公司 / 江苏中江种业股份有限公司、安徽荃银高科种业股份有限公司,6193
荃优967,国审稻20206069,2020,三系籼,长江上游中籼迟熟组,长江上游,652.59,4.72,,657.01 (增产3.78%),151.7,二级,3.9/3.2,中感稻瘟病,5,,9,抽穗期耐热性较强,中国种子集团有限公司 / 中国种子集团有限公司、安徽荃银高科种业股份有限公司、湖北荆楚种业科技有限公司、荆州市瑞丰农业高科技研究所,3602
荃两优1606,国审稻20206076,2020,两系籼,长江中下游中籼迟熟组,长江中下游,650.99,2.96,丰两优四号,626.31 (增产1.51%),129.5,二级,3.9/4.0,中感稻瘟病,,7,9,抽穗期耐热性较强,安徽荃银高科种业股份有限公司 / 安徽荃银高科种业股份有限公司,3856
荃优169,国审稻20206077,2020,三系籼,长江中下游中籼迟熟组,长江中下游,647.98,2.28,丰两优四号,648.47 (增产5.22%),127.1,一级,3.7/3.7,中感稻瘟病,,7,9,抽穗期耐热性较强；米质主要指标：整,安徽荃银高科种业股份有限公司 / 安徽荃银高科种业股份有限公司,1346
荃优洁田一号,国审稻20206078,2020,三系籼,长江中下游中籼迟熟组,长江中下游,672.87,3.46,丰两优四号,625.86 (增产2.63%),130.5,三级,5.9/6.3,高感稻瘟病,,7,9,抽穗期耐热性差,安徽荃银高科种业股份有限公司 / 安徽荃银高科种业股份有限公司、深圳洁田模式生物科技有限公司,3387
徽两优广丝苗,国审稻20206079,2020,两系籼,长江中下游中籼迟熟组,长江中下游,659.29,4.76,丰两优四号,655.01 (增产2.65%),132.6,二级,3.3/3.9,中感稻瘟病,5,7,9,抽穗期耐热性较强,北京金色农华种业科技股份有限公司 / 北京金色农华种业科技股份有限公司、安徽省农业科学院水稻研究所、广东省农业科学院水稻研究所、北京金色丰度种业科技有限公司,4761
荃9优607,国审稻20206093,2020,三系籼,长江中下游中籼迟熟,长江中下游,640.4,5.5,丰两优四号,656.7 (增产6.0%),131.3,三级,4.2/4.5,感稻瘟病,,3,9,抽穗期耐热性5级,江苏红旗种业股份有限公司 / 江苏红旗种业股份有限公司、安徽荃银高科种业股份有限公司、江苏沿海地区农业科学研究所,6883
荃9优220,国审稻20206096,2020,三系籼,长江中下游中籼迟熟组,长江中下游,628.42,5.09,丰两优四号,642.68 (增产4.29%),131.5,三级,3.8/3.9,中抗稻瘟病,3,9,9,抽穗期耐热性一般,江苏中江种业股份有限公司 / 江苏中江种业股份有限公司、安徽荃银高科种业股份有限公司、中国科学院遗传与发育生物学研究所,6175
徽两优粤禾丝苗,国审稻20206106,2020,两系籼,长江中下游中籼迟熟组,长江中下游,673.52,5.47,丰两优四号,667.22 (增产4.20%),130.7,三级,4.3/4.1,中感稻瘟病,5,7,9,抽穗期耐热性较强,西科农业集团股份有限公司 / 西科农业集团股份有限公司、广东省农业科学院水稻研究所、四川台沃种业有限责任公司,3241
荃优607,国审稻20206150,2020,三系籼,长江中下游中籼迟熟组,长江中下游,640.47,7.25,丰两优四号,654.82 (增产6.56%),126.0,一级,3.9/3.8,中感稻瘟病,5,7,9,抽穗期耐热性强,中国种子集团有限公司 / 中国种子集团有限公司、安徽荃银高科种业股份有限公司,53
新两优611,国审稻20206160,2020,两系籼,长江中下游麦茬籼稻组,长江中下游,653.25,2.96,,684.1 (增产6.01%),124.7,一级,3.9/5.2,中感稻瘟病,5,5,7,,安徽荃银高科种业股份有限公司 / 安徽荃银高科种业股份有限公司,4195
荃早优丝苗,国审稻20206161,2020,三系籼,长江中下游麦茬籼稻组,长江中下游,646.22,1.88,,662.80 (增产1.80%),124.2,二级,4.1/4.9,中感稻瘟病,5,7,9,,安徽荃银高科种业股份有限公司 / 安徽荃银高科种业股份有限公司、广东省农业科学院水稻研究所,6865
荃优851,国审稻20206219,2020,三系籼,华南感光晚籼组,华南,485.13,2.37,丰两优四号,482.08 (增产3.76%),118.9,二级,3.7/3.7,中感稻瘟病,5,5,9,抽穗期耐热性一般,安徽荃银高科种业股份有限公司 / 安徽荃银高科种业股份有限公司,3300
荃9优801,国审稻20210002,2021,两系籼,华南早籼组,华南,522.72,1.38,天优华占,534.84 (增产0.30%),122.2,二级,4.1/4.2,中感稻瘟病,5,5,9,,,5051
荃香优丝苗,国审稻20210015,2021,三系籼,华南早籼组联合体,华南,527.3,4.49,天优华占,547.9 (增产3.9%),117.5,,4.3/4.6,中感稻瘟病,5,7,9,,,4202
荃两优2118,国审稻20210020,2021,两系籼,华南早籼组联合体,华南,572.96,6.6,天优华占,556.9 (增产7.2%),120.2,一级,5.3/4.5,中感稻瘟病,5,7,9,抽穗期耐热性较强,,3282
荃优10号,国审稻20210033,2021,三系籼,长江上游中籼迟熟组,长江上游,640.86,2.93,丰两优四号,608.95 (增产4.43%),151.4,三级,5.0/3.6,感稻瘟病,7,5,9,抽穗期耐热性较强,,3722
荃优58,国审稻20210039,2021,三系籼,长江上游中籼迟熟组,长江上游,635.51,2.93,丰两优四号,614.98 (增产2.41%),153.9,二级,2.9/3.3,中抗稻瘟病,3,7,9,抽穗期耐热性较强,,3699
荃优851,国审稻20210041,2021,三系籼,长江上游中籼迟熟组,长江上游,634.03,1.82,,623.72 (增产4.71%),152.8,一级,3.9/3.6,中感稻瘟病,5,,9,抽穗期耐热性一般,,3870
荃优5438,国审稻20210055,2021,三系籼,长江上游中籼迟熟组联合体,长江上游,680.02,7.98,,665.80 (增产6.47%),151.4,二级,4.6/3.6,感稻瘟病,7,,9,抽穗期耐热性强,,4209
荃香优89,国审稻20210080,2021,三系籼,长江上游中籼迟熟组联合体,长江上游,668.11,9.28,丰两优四号,648.06 (增产5.23%),155.3,二级,5.4/5.4,感稻瘟病,7,3,9,抽穗期耐热性较强,,856
荃优雅占,国审稻20210084,2021,三系籼,长江上游中籼迟熟组联合体,长江上游,673.83,6.97,,671.0 (增产3.73%),154.0,,3.9/3.1,中感稻瘟病,5,,9,抽穗期耐热性强,,4589
荃优鄂丰丝苗,国审稻20210097,2021,三系籼,长江上游中籼迟熟组联合体,长江上游,701.26,6.55,丰两优四号,667.20 (增产6.01%),155.1,二级,3.0/3.6,中感稻瘟病,5,7,9,抽穗期耐热性强,,973
徽两优美香新占,国审稻20210115,2021,两系籼,长江上游中籼迟熟组联合体,长江上游,682.65,3.68,丰两优四号,657.60 (增产4.49%),153.9,二级,4.7/5.0,感稻瘟病,7,5,9,抽穗期耐热性强,,3463
荃两优069,国审稻20210116,2021,两系籼,长江上游中籼迟熟组联合体,长江上游,685.46,4.10,,650.69 (增产3.39%),155.5,二级,3.8/3.2,中感稻瘟病,5,,9,抽穗期耐热性较强,,3617
全两优1822,国审稻20210121,2021,两系籼,长江中下游中籼迟熟组,长江中下游,619.34,1.96,丰两优四号,653.00 (增产8.13%),134.5,三级,3.2/3.0,中抗稻瘟病,3,7,9,抽穗期耐热性较强,,3356
荃优291,国审稻20210125,2021,三系籼,长江中下游中籼迟熟组,长江中下游,626.44,4.34,丰两优四号,651.35 (增产4.91%),,,,,,,,,,6270
荃优60,国审稻20210132,2021,三系籼,长江中下游中籼迟熟组,长江中下游,646.24,5.64,丰两优四号,649.87 (增产3.65%),134.4,三级,3.3/3.5,中抗稻瘟病,3,7,9,抽穗期耐热性较强,,6165
徽两优007,国审稻20210140,2021,两系籼,长江中下游中籼迟熟组联合体,长江中下游,647.1,5.6,丰两优四号,632.7 (增产6.0%),131,,5.3/4.3,感稻瘟病,7,7,9,抽穗期耐热性一般,,5723
徽两优27占,国审稻20210152,2021,两系籼,长江中下游中籼迟熟组联合体,长江中下游,652.3,2.6,丰两优四号,609.5 (增产3.3%),127.8,三级,3.3/3.6,中感稻瘟病,5,9,9,抽穗期耐热性较强,,4849
浙大荃优1610,国审稻20210153,2021,三系籼,长江中下游中籼迟熟组联合体,长江中下游,656.0,3.2,丰两优四号,620.1 (增产5.1%),131.4,二级,4.3/4.4,感稻瘟病,7,5,9,抽穗期耐热性较弱,,4254
徽两优慧占,国审稻20210158,2021,两系籼,长江中下游中籼迟熟组联合体,长江中下游,656.20,5.10,丰两优四号,667.86 (增产6.94%),132.6,,4.5/3.9,感稻瘟病,7,7,9,抽穗期耐热性较强,,3395
徽两优008,国审稻20210160,2021,两系籼,长江中下游中籼迟熟组联合体,长江中下游,674.4,4.6,丰两优四号,641.3 (增产4.8%),137,三级,2.5/3.8,中感稻瘟病,5,7,9,抽穗期耐热性较强,,5041
荃两优136,国审稻20210161,2021,两系籼,长江中下游中籼迟熟组联合体,长江中下游,664.49,3.29,丰两优四号,663.27 (增产8.86%),134.2,,3.5/3.2,中抗稻瘟病,3,5,9,抽穗期耐热性较强,,4069
徽两优香丝苗,国审稻20210162,2021,两系籼,长江中下游中籼迟熟组联合体,长江中下游,656.05,0.82,丰两优四号,627.36 (增产3.23%),132.1,,4.0/3.8,中抗稻瘟病,3,7,9,,,3259
荃优绿丝苗,国审稻20210163,2021,三系籼,长江中下游中籼迟熟组联合体,长江中下游,662.38,3.18,丰两优四号,655.81 (增产8.48%),130.7,,3.7/3.7,中感稻瘟病,5,7,9,抽穗期耐热性较强,,3786
荃优美香新占,国审稻20210164,2021,三系籼,长江中下游中籼迟熟组联合体,长江中下游,669.62,7.02,丰两优四号,643.25 (增产7.46%),132.2,三级,5.3/4.2,中感稻瘟病,5,7,9,抽穗期耐热性强,,3567
荃优8016,国审稻20210177,2021,三系籼,长江中下游中籼迟熟组联合体,长江中下游,659.76,5.99,丰两优四号,644.33 (增产8.32%),134,,4.1/4.3,中感稻瘟病,5,7,9,抽穗期耐热性较强,,4391
徽两优699,国审稻20210178,2021,两系籼,长江中下游中籼迟熟组联合体,长江中下游,642.70,4.85,丰两优四号,607.89 (增产3.04%),133,,3.9/4.7,感稻瘟病,7,9,9,抽穗期耐热性一般,,6646
荃优2289,国审稻20210181,2021,三系籼,长江中下游中籼迟熟组联合体,长江中下游,675.73,4.85,丰两优四号,644.34 (增产13.03%),133.1,三级,4.4/4.3,感稻瘟病,7,7,9,抽穗期耐热性较强,,6941
徽两优636,国审稻20210197,2021,两系籼,长江中下游中籼迟熟组联合体,长江中下游,648.59,5.77,丰两优四号,646.27 (增产7.20%),133.3,二级,5.6/5.8,感稻瘟病,7,5,9,抽穗期耐热性较强,,5634
徽两优绿丝苗,国审稻20210205,2021,两系籼,长江中下游中籼迟熟组联合体,长江中下游,661.98,3.64,丰两优四号,638.57 (增产4.79%),131.0,二级,3.7/3.2,中感稻瘟病,5,7,9,抽穗期耐热性较强,,4580
徽两优赋丝占,国审稻20210206,2021,两系籼,长江中下游中籼迟熟组联合体,长江中下游,633.53,4.24,丰两优四号,609.74 (增产3.11%),130.2,,3.2/3.4,中抗稻瘟病,3,7,9,抽穗期耐热性较强,,6128
徽两优985,国审稻20210223,2021,两系籼,长江中下游中籼迟熟组联合体,长江中下游,637.82,2.92,丰两优四号,619.99 (增产9.20%),131.5,三级,4.0/3.3,中感稻瘟病,5,5,9,抽穗期耐热性较强,,3655
科荃优4302,国审稻20210242,2021,三系籼,长江中下游中籼迟熟组联合体,长江中下游,645.42,6.99,丰两优四号,634.81 (增产5.74%),131.7,二级,3.6/4.3,中感稻瘟病,5,1,9,抽穗期耐热性强,,3756
荃两优鄂丰丝苗,国审稻20210264,2021,两系籼,长江中下游中籼迟熟组联合体,长江中下游,661.31,3.14,丰两优四号,656.18 (增产3.30%),134.0,二级,3.0/2.8,中抗稻瘟病,3,7,9,抽穗期耐热性较强,,3573
箴两优荃晶丝苗,国审稻20210265,2021,两系籼,长江中下游中籼迟熟组联合体,长江中下游,663.86,4.53,丰两优四号,651.77 (增产7.81%),130.1,二级,3.7/3.5,中感稻瘟病,5,7,9,抽穗期耐热性较强,,4215
荃优禾广丝苗,国审稻20210272,2021,三系籼,长江中下游中籼迟熟组联合体,长江中下游,664.21,4.57,丰两优四号,643.54 (增产5.89%),131.4,三级,3.5,中感稻瘟病,5,5,9,抽穗期耐热性较强,,4395
荃两优美香新占,国审稻20210296,2021,两系籼,长江中下游中籼迟熟组联合体,长江中下游,658.81,3.50,丰两优四号,639.10 (增产4.89%),130.4,二级,4.2/3.5,中感稻瘟病,5,5,9,抽穗期耐热性较强,,4835
荃早优851,国审稻20210300,2021,三系籼,长江中下游麦茬籼稻组,长江中下游,651.28,0.40,,673.58 (增产2.32%),124.3,二级,3.1/4.8,中感稻瘟病,5,5,9,耐冷性一般,,4457
荃早优晶占,国审稻20210302,2021,三系籼,长江中下游麦茬籼稻组,长江中下游,689.72,5.95,,608.96 (增产4.31%),124.5,三级,4.4/4.0,中感稻瘟病,5,7,9,,,4727
荃早优鄂丰丝苗,国审稻20210308,2021,三系籼,长江中下游麦茬籼稻组联合体,长江中下游,669.24,5.48,,631.60 (增产5.60%),121.2,三级,3.2/3.2,中抗稻瘟病,3,7,9,,,7819
荃优879,国审稻20210358,2021,三系籼,华南感光晚籼组联合体,华南,502.38,5.36,,552.83 (增产3.49%),114.2,二级,3.0/2.5,中抗稻瘟病,3,5,9,,,3260
荃粳优70,国审稻20210371,2021,三系粳,长江中下游单季晚粳组,长江中下游,713.24,6.98,,621.06 (增产4.69%),145.2,三级,5.5/5.0,中感稻瘟病,,5,9,,,5660
荃优169,国审稻20216012,2021,三系籼,长江上游中籼迟熟组,长江上游,647.60,4.80,,647.48 (增产5.87%),150.0,二级,3.4/4.7,感稻瘟病,7,,9,抽穗期耐热性较强,,3709
荃香优575,国审稻20216013,2021,三系籼,长江上游中籼迟熟组,长江上游,650.37,5.18,,646.14 (增产5.76%),149.8,二级,2.7/2.9,中抗稻瘟病,3,,9,抽穗期耐热性较强,,4535
荃广优851,国审稻20216014,2021,三系籼,长江上游中籼迟熟组,长江上游,641.21,3.74,丰两优四号,638.80 (增产4.63%),149.3,一级,3.3/3.3,中感稻瘟病,5,9,9,抽穗期耐热性较强,,4373
荃两优1606,国审稻20216015,2021,两系籼,长江上游中籼迟熟组,长江上游,649.16,4.13,,654.89 (增产7.16%),151.0,一级,3.0/3.6,中感稻瘟病,5,,7,抽穗期耐热性较强,,4293
荃优银泰香占,国审稻20216016,2021,三系籼,长江上游中籼迟熟组,长江上游,635.77,1.94,丰两优四号,629.89 (增产3.22%),150.4,一级,3.3/3.4,中感稻瘟病,5,5,9,抽穗期耐热性强,,3568
荃优836,国审稻20216017,2021,三系籼,长江上游中籼迟熟组,长江上游,652.61,0.65,,636.82 (增产1.89%),153.8,二级,3.2/3.8,感稻瘟病,7,,9,抽穗期耐热性较强,,56
荃广优822,国审稻20216085,2021,三系籼,长江中下游中籼迟熟组,长江中下游,646.72,5.41,丰两优四号,610.05 (增产5.79%),128.0,二级,4.1/4.5,感稻瘟病,7,5,9,抽穗期耐热性强,,3745
荃两优532,国审稻20216086,2021,两系籼,长江中下游中籼迟熟组,长江中下游,654.49,6.60,丰两优四号,619.30 (增产7.90%),132.4,二级,3.6/3.2,中抗稻瘟病,3,7,9,抽穗期耐热性强,,3136
荃优洁丰丝苗,国审稻20216087,2021,三系籼,长江中下游中籼迟熟组,长江中下游,627.98,2.43,丰两优四号,589.37 (增产1.96%),128.7,二级,4.3/4.0,中感稻瘟病,5,5,9,抽穗期耐热性较强,,5884
荃广优879,国审稻20216088,2021,三系籼,长江中下游中籼迟熟组,长江中下游,648.74,5.73,丰两优四号,624.64 (增产8.72%),130.2,二级,4.6/4.5,感稻瘟病,7,5,7,抽穗期耐热性较强,,4909
荃两优879,国审稻20216089,2021,两系籼,长江中下游中籼迟熟组,长江中下游,652.60,6.30,丰两优四号,606.42 (增产5.35%),130.0,二级,4.1/3.3,中感稻瘟病,5,7,9,抽穗期耐热性较强,,816
荃广优巴斯香占,国审稻20216090,2021,三系籼,长江中下游中籼迟熟组,长江中下游,620.77,1.18,丰两优四号,601.45 (增产4.72%),130.9,二级,4.1/4.3,中感稻瘟病,5,5,9,抽穗期耐热性较强,,7763
荃广优银泰香占,国审稻20216091,2021,三系籼,长江中下游中籼迟熟组,长江中下游,610.16,-0.50,丰两优四号,585.14 (增产1.42%),129.4,二级,5.4/5.1,感稻瘟病,7,5,9,抽穗期耐热性较强,,5938
荃两优8238,国审稻20216095,2021,两系籼,长江中下游中籼迟熟组,长江中下游,629.14,2.11,丰两优四号,599.99 (增产4.99%),129.6,二级,4.0/4.1,中感稻瘟病,5,3,9,抽穗期耐热性一般,,3622
荃优532,国审稻20216096,2021,三系籼,长江中下游中籼迟熟组,长江中下游,652.91,5.88,丰两优四号,613.47 (增产6.63%),131.8,一级,4.0/4.0,中感稻瘟病,5,7,9,抽穗期耐热性强,,2018
荃两优洁丰丝苗,国审稻20216097,2021,两系籼,长江中下游中籼迟熟组,长江中下游,651.96,5.80,丰两优四号,604.80 (增产5.88%),132.8,一级,4.1/3.6,中感稻瘟病,5,7,9,抽穗期耐热性较强,,4958
荃优596,国审稻20216098,2021,三系籼,长江中下游中籼迟熟组,长江中下游,655.60,6.36,丰两优四号,613.24 (增产6.19%),129.9,二级,4.7/4.9,中感稻瘟病,5,9,9,抽穗期耐热性较强,,3274
荃优洁田丝苗,国审稻20216099,2021,三系籼,长江中下游中籼迟熟组,长江中下游,635.04,2.44,丰两优四号,599.99 (增产2.19%),129.1,一级,5.4/4.2,感稻瘟病,7,5,9,抽穗期耐热性较强,,4799
荃泰优851,国审稻20216100,2021,三系籼,长江中下游中籼迟熟组,长江中下游,643.38,3.58,丰两优四号,611.78 (增产4.21%),126.6,二级,4.9/4.3,中感稻瘟病,5,5,9,抽穗期耐热性较强,,4407
荃两优087,国审稻20216101,2021,两系籼,长江中下游中籼迟熟组,长江中下游,656.07,5.71,丰两优四号,624.19 (增产6.60%),130.8,一级,3.9/3.8,中感稻瘟病,5,5,9,抽穗期耐热性较强,,51
荃两优洁田丝苗,国审稻20216102,2021,两系籼,长江中下游中籼迟熟组,长江中下游,665.24,4.42,丰两优四号,603.05 (增产3.29%),130.9,三级,6.5/5,高感稻瘟病,9,5,9,抽穗期耐热性强,,5831
荃优绿银占,国审稻20216103,2021,三系籼,长江中下游中籼迟熟组,长江中下游,663.31,3.91,丰两优四号,606.57 (增产2.45%),134.2,二级,4.2/3.9,感稻瘟病,7,5,9,抽穗期耐热性较强,,5894
荃两优粤农丝苗,国审稻20216109,2021,两系籼,长江中下游中籼迟熟组,长江中下游,643.24,1.82,丰两优四号,635.65 (增产3.53%),132.6,三级,4.0/3.8,中感稻瘟病,5,5,9,抽穗期耐热性较强,,159
荃优967,国审稻20216132,2021,三系籼,长江中下游中籼迟熟组,长江中下游,635.42,5.06,丰两优四号,640.40 (增产7.51%),131.3,一级,3.6/3.2,中抗稻瘟病,3,5,9,抽穗期耐热性较强,,4360
荃早优857,国审稻20216175,2021,三系籼,长江中下游晚籼早熟组,长江中下游,610.74,4.7,,577.67 (增产4.68%),118.7,一级,4.3/3.4,中感稻瘟病,5,7,9,耐冷性一般,,4266
荃早优1606,国审稻20216177,2021,三系籼,长江中下游晚籼早熟组,长江中下游,604.07,3.53,,581.59 (增产5.38%),120.2,二级,3.4/3.5,中感稻瘟病,5,7,9,耐冷性较强,,4230
荃香糯3号,国审稻20216219,2021,粳,长江中下游单季晚粳组,长江中下游,671.92,3.99,,652.20 (增产1.28%),141.3,三级,5.5/4.4,中感稻瘟病,5,5,9,,,4248
荃广优836,国审稻20220016,2022,三系籼,长江中下游中籼迟熟组,长江中下游,,,,,129.1,二级,3.9/3.6,中感稻瘟病,5,5,9,,安徽荃银高科种业股份有限公司 / 安徽荃银高科种业股份有限公司品种来源： 荃广 A×YR836,5197
荃广优822,国审稻20220032,2022,三系籼,长江中下游晚籼中迟熟组,长江中下游,582.1,-0.9,,604.6 (增产3.7%),123.4,二级,4.4/4.2,中感稻瘟病,5,5,9,,安徽荃银高科种业股份有限公司 / 安徽荃银高科种业股份有限公司,4830
荃优91,国审稻20220075,2022,三系籼,长江上游中籼迟熟组联合体,长江上游,646.3,3.9,,623.3 (增产3.0%),153.3,二级,5.0/4.1,感稻瘟病,7,,9,耐热性3级,四川农业大学 / 四川农业大学、安徽荃银高科种业股份有限公司,6987
荃优美香银占3号,国审稻20220076,2022,三系籼,长江上游中籼迟熟组联合体,长江上游,663.5,4.1,,658.8 (增产3.8%),154.5,三级,4.7/5.6,中感稻瘟病,5,5,9,耐热性3级,安徽赛诺种业有限公司、合肥信达高科农业科学研究所 / 深圳市金谷美香实业有限公司、合肥金谷荃银种业有限公司、安徽荃银高科种业股份有限公司、合肥信达高科农业科学研,6659
徽两优989,国审稻20220131,2022,两系籼,长江中下游中籼迟熟组联合体,长江中下游,655.73,3.63,,621.58 (增产3.17%),131.5,三级,3.9/3.7,中感稻瘟病,5,5,9,,安徽袁氏农业科技发展有限公司 / 安徽袁氏农业科技发展有限公司、湖南中种金耘水稻育种研究有限公司,7086
徽两优五香丝苗,国审稻20220132,2022,两系籼,长江中下游中籼迟熟组联合体,长江中下游,631.3,4.2,,614.3 (增产4.4%),137.2,三级,3.7/3.8,中感稻瘟病,5,5,9,,安徽五星农业科技有限公司 / 安徽五星农业科技有限公司,6360
荃优210,国审稻20220162,2022,三系籼,长江中下游中籼迟熟组联合体,长江中下游,640.79,7.08,,645.56 (增产7.08%),134.3,二级,5.5/4.3,感稻瘟病,7,5,9,,安徽省创富种业有限公司 / 安徽省创富种业有限公司、中国水稻研究所、安徽荃银高科种业股份有限公司,6660
荃优美香丝苗1号,国审稻20220164,2022,三系籼,长江中下游中籼迟熟组联合体,长江中下游,628.9,3.4,,650.7 (增产5.0%),133.3,三级,4.2/4.8,感稻瘟病,7,5,9,,合肥信达高科农业科学研究所 / 深圳市金谷美香实业有限公司、合肥金谷荃银种业有限公司、安徽荃银高科种业股份有限公司、合肥信达高科农业科学研究所、安徽赛诺种业有限,5484
荃优鄂丰丝苗,国审稻20220257,2022,三系籼,华南感光晚籼组联合体,华南稻区,540.3,6.9,,566.8 (增产6.1%),112.3,三级,3.3/3.8,中感稻瘟病,5,9,9,,湖北荃银高科种业有限公司 / 湖北荃银高科种业有限公司、安徽荃银高科种业股份有限公司、武汉金玉良种科技有限公司,4631
荃优967,国审稻20226005,2022,三系籼,华南早籼组,华南稻区,540.2,0.2,,550.3 (增产2.0%),127.7,二级,3.0/2.4,中感稻瘟病,5,7,,,中国种子集团有限公司 / 中国种子集团有限公司、安徽荃银高科种业股份有限公司、湖北荆楚种业科技有限公司、荆州市瑞丰农业高科技研究所,5159
荃9优220,国审稻20226019,2022,三系籼,长江上游中籼迟熟组,长江上游,634.4,2.8,,629.5 (增产2.4%),152.2,二级,3.7/4.1,中感稻瘟病,5,,9,耐热性5级,江苏中江种业股份有限公司 / 江苏中江种业股份有限公司、安徽荃银高科种业股份有限公司、中国科学院遗传与发育生物学研究所,7749
荃9优2号,国审稻20226020,2022,三系籼,长江上游中籼迟熟组,长江上游,641.4,3.9,,650.6 (增产5.4%),151.3,二级,3.4/4.1,中感稻瘟病,5,,9,耐热性3级,安徽荃银高科种业股份有限公司 / 安徽荃银高科种业股份有限公司,7284
荃优607,国审稻20226027,2022,三系籼,长江上游中籼迟熟组,长江上游,667.6,5.0,,655.7 (增产4.8%),154.1,二级,3.8/4.6,感稻瘟病,7,,9,耐热性3级,中国种子集团有限公司 / 中国种子集团有限公司、安徽荃银高科种业股份有限公司,489
荃9优475,国审稻20226069,2022,三系籼,长江中下游中籼迟熟组,长江中下游,641.1,4.7,,628.8 (增产4.2%),131.9,三级,3.5/4.1,中感稻瘟病,5,3,9,,江苏中江种业股份有限公司 / 江苏中江种业股份有限公司、安徽荃银高科种业股份有限公司,7817
荃两优836,国审稻20226070,2022,两系籼,长江中下游中籼迟熟组,长江中下游,628.1,3.8,,614.1 (增产4.0%),132.7,一级,2.9/2.8,中感稻瘟病,5,5,9,,安徽荃银高科种业股份有限公司 / 安徽荃银高科种业股份有限公司,6386
荃优53,国审稻20226072,2022,三系籼,长江中下游中籼迟熟组,长江中下游,633.2,4.9,,614.1 (增产4.2%),131.5,一级,3.7/2.9,中感稻瘟病,5,7,9,,安徽荃银高科种业股份有限公司 / 安徽荃银高科种业股份有限公司,4327
荃优836,国审稻20226073,2022,三系籼,长江中下游中籼迟熟组,长江中下游,632.8,4.7,,608.5 (增产3.2%),131.9,一级,3.2/3.1,中感稻瘟病,5,7,9,,安徽荃银高科种业股份有限公司 / 安徽荃银高科种业股份有限公司,5016
新两优611,国审稻20226116,2022,两系籼,长江中下游晚籼早熟组,长江中下游,582.2,3.1,,577.0 (增产4.3%),119.5,二级,3.3/2.5,中感稻瘟病,5,5,9,耐冷性中级,安徽荃银高科种业股份有限公司 / 安徽荃银高科种业股份有限公司,6425
荃香优香66,国审稻20231010,2023,三系籼,长江上游中籼迟熟组,长江上游,655.6,4.9,,621.1 (增产3.4%),149.6,二级,4.0/3.2,中感稻瘟病,5,,9,耐热性3级,安徽荃银高科种业股份有限公司 / 安徽荃银高科种业股份有限公司,4599
荃优212,国审稻20231011,2023,三系籼,长江上游中籼迟熟组,长江上游,614.3,-0.4,,629.3 (增产4.6%),154.4,一级,4.6/4.7,感稻瘟病,7,,9,耐热性3级,福建省农业科学院水稻研究所、安徽荃银高科种业股份有限公司 / 福建省农业科学院水稻研究所、安徽荃银高科种业股份有限公司,7711
荃两优6019,国审稻20231021,2023,两系籼,长江中下游中籼迟熟组,长江中下游,665.6,8.4,,689.6 (增产7.4%),133.8,二级,3.7/3.0,中感稻瘟病,5,7,9,,安徽荃银高科种业股份有限公司 / 安徽荃银高科种业股份有限公司,6116
荃优1802,国审稻20231022,2023,三系籼,长江中下游中籼迟熟组,长江中下游,644.6,6.4,,622.3 (增产5.9%),132.1,,3.8/2.9,中感稻瘟病,5,7,9,,安徽荃丰种业科技有限公司 / 安徽荃银高科种业股份有限公司,6854
荃科优822,国审稻20232043,2023,三系籼,长江中下游中籼迟熟组,长江中下游,634.0,6.4,,610.4 (增产6.3%),131.2,二级,3.5/3.3,中感稻瘟病,5,5,9,,安徽荃银高科种业股份有限公司 / 安徽荃银高科种业股份有限公司,6340
荃两优香66,国审稻20232045,2023,两系籼,长江中下游中籼迟熟组,长江中下游,624.6,3.7,,591.2 (增产1.7%),130.3,一级,2.9/3.3,中感稻瘟病,5,7,9,,安徽荃银高科种业股份有限公司 / 安徽荃银高科种业股份有限公司,7384
荃香优1606,国审稻20232048,2023,三系籼,长江中下游中籼迟熟组,长江中下游,613.8,1.5,,576.6 (减产1.7%),130.1,一级,3.3/3.3,中感稻瘟病,5,9,9,,安徽荃银高科种业股份有限公司 / 安徽荃银高科种业股份有限公司,7316
荃优6019,国审稻20232050,2023,三系籼,长江中下游中籼迟熟组,长江中下游,642.0,6.2,,628.0 (增产7.1%),133.9,一级,3.0/2.5,中感稻瘟病,5,5,9,,安徽荃银高科种业股份有限公司 / 安徽荃银高科种业股份有限公司,6662
荃优879,国审稻20232051,2023,三系籼,长江中下游中籼迟熟组,长江中下游,650.2,9.2,,602.4 (增产4.9%),131.3,二级,3.2/2.8,中感稻瘟病,5,5,9,,安徽荃银高科种业股份有限公司 / 安徽荃银高科种业股份有限公司、广西荃鸿农业科技有限公司,7286
荃优香66,国审稻20232052,2023,三系籼,长江中下游中籼迟熟组,长江中下游,638.3,5.6,,608.8 (增产3.8%),130.8,一级,2.6/2.9,中感稻瘟病,5,5,9,,安徽荃银高科种业股份有限公司 / 安徽荃银高科种业股份有限公司,6068
荃优玉稻,国审稻20233131,2023,三系籼,长江中下游中籼迟熟组联合体,长江中下游,660.3,7.7,,658.7 (增产8.5%),131.2,一级,3.8/4.1,感稻瘟病,7,7,9,,安徽华安种业有限责任公司 / 安徽华安种业有限责任公司、安徽荃银高科种业股份有限公司、四川旌洋农业科技有限责任公司,6612
荃两优087,国审稻20242008,2024,两系籼,长江上游中籼迟熟组,长江上游,647.2,2.6,,619.8 (增产2.7%),151.1,二级,3.2/4.0,中感稻瘟病,5,,9,耐热性1级,安徽荃银高科种业股份有限公司 / 安徽荃银高科种业股份有限公司,7143
荃两优879,国审稻20242009,2024,两系籼,长江上游中籼迟熟组,长江上游,652.3,3.4,,621.2 (增产2.9%),150.2,一级,2.9/4.9,感稻瘟病,7,,9,耐热性3级,安徽荃银高科种业股份有限公司 / 安徽荃银高科种业股份有限公司,7793
荃优919,国审稻20242012,2024,三系籼,长江上游中籼迟熟组,长江上游,661.8,4.9,,629.1 (增产4.2%),150.7,二级,3.7/3.4,中感稻瘟病,5,,9,耐热性3级,安徽荃银高科种业股份有限公司 / 安徽荃银高科种业股份有限公司,7876
荃广优9085,国审稻20242029,2024,三系籼,长江中下游中籼迟熟组,长江中下游,618.6,3.9,,607.9 (增产5.4%),137.2,一级,2.9/3.1,中感稻瘟病,5,5,9,,安徽荃银高科种业股份有限公司 / 安徽荃银高科种业股份有限公司,6077
荃两优1606,国审稻20242077,2024,两系籼,武陵山区中籼组,武陵山区,627.0,5.2,,614.0 (增产4.2%),140.4,一级,1.9/2.9,中抗稻瘟病,3,,,耐冷性3级,安徽荃银高科种业股份有限公司 / 安徽荃银高科种业股份有限公司,7695
荃优丝苗,国审稻20242078,2024,三系籼,武陵山区中籼组,武陵山区,644.9,8.2,,624.3 (增产6.2%),140.2,二级,2.0/3.9,中感稻瘟病,5,,,耐冷性7级,安徽荃银高科种业股份有限公司 / 安徽荃银高科种业股份有限公司、广东省农业科学院水稻研究所,7751
荃两优粤农丝苗,国审稻20242083,2024,两系籼,长江上游中籼迟熟组,长江上游,665.6,5.9,,635.7 (增产3.7%),151.8,三级,3.5/4.0,中感稻瘟病,5,,9,耐热性1级,北京金色农华种业科技股份有限公司 / 北京金色农华种业科技股份有限公司、安徽荃银高科种业股份有限公司、广东省农业科学院水稻研究所,4600
荃优香66,国审稻20242085,2024,三系籼,长江上游中籼迟熟组,长江上游,660.4,6.4,,638.9 (增产4.3%),149.7,二级,4.1/4.1,中感稻瘟病,5,,9,耐热性3级,安徽荃银高科种业股份有限公司 / 安徽荃银高科种业股份有限公司,7727
荃两优985,国审稻20243087,2024,两系籼,长江中下游中籼迟熟组联合体,长江中下游,623.0,3.4,,619.0 (增产4.6%),131.7,一级,3.0/2.4,中感稻瘟病,5,5,9,,广东荃银种业科技有限公司 / 广东荃银种业科技有限公司、安徽荃银种业科技有限公司,7011
荃两优粤苗,国审稻20243088,2024,两系籼,长江中下游中籼迟熟组联合体,长江中下游,644.8,7.5,,670.4 (增产7.2%),132.2,二级,3.6/3.8,感稻瘟病,7,7,9,,安徽绿亿种业有限公司 / 安徽荃银高科种业股份有限公司、安徽绿亿种业有限公司、安徽省荃银爱地农业科技有限公司、四川台沃种业有限责任公司,7842
